[{"name":"MSFT.US","value":31.46213,"children":null},{"name":"AAPL.US","value":29.3612,"children":null},{"name":"NVDA.US","value":17.93854,"children":null},{"name":"AVGO.US","value":6.04934,"children":null},{"name":"ASML.US","value":3.77889,"children":null},{"name":"ADBE.US","value":2.85435,"children":null},{"name":"AMD.US","value":2.80595,"children":null},{"name":"CSCO.US","value":2.05093,"children":null},{"name":"INTU.US","value":1.85501,"children":null},{"name":"INTC.US","value":1.84365,"children":null}]